{
    "name": "root",
    "gauges": {
        "Track03.Policy.Entropy.mean": {
            "value": 0.5607932806015015,
            "min": 0.5607932806015015,
            "max": 2.0594091415405273,
            "count": 10
        },
        "Track03.Policy.Entropy.sum": {
            "value": 28072.19140625,
            "min": 28072.19140625,
            "max": 103497.6640625,
            "count": 10
        },
        "Track03.Step.mean": {
            "value": 499947.0,
            "min": 49998.0,
            "max": 499947.0,
            "count": 10
        },
        "Track03.Step.sum": {
            "value": 499947.0,
            "min": 49998.0,
            "max": 499947.0,
            "count": 10
        },
        "Track03.Policy.ExtrinsicValueEstimate.mean": {
            "value": 0.24554525315761566,
            "min": -0.7481406927108765,
            "max": 0.24554525315761566,
            "count": 10
        },
        "Track03.Policy.ExtrinsicValueEstimate.sum": {
            "value": 192.01638793945312,
            "min": -589.5348510742188,
            "max": 192.01638793945312,
            "count": 10
        },
        "Track03.Losses.PolicyLoss.mean": {
            "value": 0.02316963967711975,
            "min": 0.02204360043862835,
            "max": 0.025559790738237404,
            "count": 10
        },
        "Track03.Losses.PolicyLoss.sum": {
            "value": 0.11584819838559876,
            "min": 0.08971345100241403,
            "max": 0.12779895369118702,
            "count": 10
        },
        "Track03.Losses.ValueLoss.mean": {
            "value": 0.00037228731482173314,
            "min": 0.00037228731482173314,
            "max": 0.0382894440786913,
            "count": 10
        },
        "Track03.Losses.ValueLoss.sum": {
            "value": 0.0018614365741086657,
            "min": 0.001532150434650248,
            "max": 0.1531577763147652,
            "count": 10
        },
        "Track03.Policy.LearningRate.mean": {
            "value": 1.5814294728599997e-05,
            "min": 1.5814294728599997e-05,
            "max": 0.00028450815516395,
            "count": 10
        },
        "Track03.Policy.LearningRate.sum": {
            "value": 7.907147364299999e-05,
            "min": 7.907147364299999e-05,
            "max": 0.0012838548720483997,
            "count": 10
        },
        "Track03.Policy.Epsilon.mean": {
            "value": 0.10527139999999999,
            "min": 0.10527139999999999,
            "max": 0.19483605,
            "count": 10
        },
        "Track03.Policy.Epsilon.sum": {
            "value": 0.526357,
            "min": 0.49953920000000007,
            "max": 0.9279516000000001,
            "count": 10
        },
        "Track03.Policy.Beta.mean": {
            "value": 0.00027304285999999996,
            "min": 0.00027304285999999996,
            "max": 0.004742318895000001,
            "count": 10
        },
        "Track03.Policy.Beta.sum": {
            "value": 0.0013652142999999997,
            "min": 0.0013652142999999997,
            "max": 0.021404784839999996,
            "count": 10
        },
        "Track03.Environment.EpisodeLength.mean": {
            "value": 19353.0,
            "min": 628.258064516129,
            "max": 19353.0,
            "count": 10
        },
        "Track03.Environment.EpisodeLength.sum": {
            "value": 19353.0,
            "min": 5455.0,
            "max": 71808.0,
            "count": 10
        },
        "Track03.Environment.CumulativeReward.mean": {
            "value": 47.392823576927185,
            "min": -36.49374284505844,
            "max": 47.45964600890875,
            "count": 10
        },
        "Track03.Environment.CumulativeReward.sum": {
            "value": 47.392823576927185,
            "min": -912.343571126461,
            "max": 118.25808683410287,
            "count": 10
        },
        "Track03.Policy.ExtrinsicReward.mean": {
            "value": 47.392823576927185,
            "min": -36.49374284505844,
            "max": 47.45964600890875,
            "count": 10
        },
        "Track03.Policy.ExtrinsicReward.sum": {
            "value": 47.392823576927185,
            "min": -912.343571126461,
            "max": 118.25808683410287,
            "count": 10
        },
        "Track03.IsTraining.mean": {
            "value": 1.0,
            "min": 1.0,
            "max": 1.0,
            "count": 10
        },
        "Track03.IsTraining.sum": {
            "value": 1.0,
            "min": 1.0,
            "max": 1.0,
            "count": 10
        }
    },
    "metadata": {
        "timer_format_version": "0.1.0",
        "start_time_seconds": "1758425912",
        "python_version": "3.10.12 | packaged by Anaconda, Inc. | (main, Jul  5 2023, 19:01:18) [MSC v.1916 64 bit (AMD64)]",
        "command_line_arguments": "C:\\Users\\najee\\miniconda3\\envs\\mlagents\\Scripts\\mlagents-learn --force",
        "mlagents_version": "1.1.0",
        "mlagents_envs_version": "1.1.0",
        "communication_protocol_version": "1.5.0",
        "pytorch_version": "2.2.2+cu121",
        "numpy_version": "1.23.5",
        "end_time_seconds": "1758428138"
    },
    "total": 2226.272486899994,
    "count": 1,
    "self": 0.04409019999729935,
    "children": {
        "run_training.setup": {
            "total": 0.07263059999968391,
            "count": 1,
            "self": 0.07263059999968391
        },
        "TrainerController.start_learning": {
            "total": 2226.155766099997,
            "count": 1,
            "self": 3.271627700116369,
            "children": {
                "TrainerController._reset_env": {
                    "total": 19.402824199998577,
                    "count": 1,
                    "self": 19.402824199998577
                },
                "TrainerController.advance": {
                    "total": 2203.3144940998827,
                    "count": 83368,
                    "self": 3.3508366004098207,
                    "children": {
                        "env_step": {
                            "total": 1840.204775399492,
                            "count": 83368,
                            "self": 1583.251692101694,
                            "children": {
                                "SubprocessEnvManager._take_step": {
                                    "total": 254.65343759814277,
                                    "count": 83368,
                                    "self": 8.915418798169412,
                                    "children": {
                                        "TorchPolicy.evaluate": {
                                            "total": 245.73801879997336,
                                            "count": 83368,
                                            "self": 245.73801879997336
                                        }
                                    }
                                },
                                "workers": {
                                    "total": 2.2996456996552297,
                                    "count": 83368,
                                    "self": 0.0,
                                    "children": {
                                        "worker_root": {
                                            "total": 2204.0100596996126,
                                            "count": 83368,
                                            "is_parallel": true,
                                            "self": 819.2944522992038,
                                            "children": {
                                                "steps_from_proto": {
                                                    "total": 0.0023740999968140386,